CREATE DATABASE OFFICE;
USE OFFICE;

CREATE TABLE EMPLOYEES
(
	EMPLOYEE_ID INT PRIMARY KEY,
    FIRST_NAME VARCHAR(50) NOT NULL,
    LAST_NAME VARCHAR(50) NOT NULL,
    DATE_OF_BIRTH DATE NOT NULL,
    DEPARTMENT_ID INT NOT NULL,
    SALARY DECIMAL NOT NULL

);


CREATE TABLE PROJECTS
(
	PROJECT_ID INT PRIMARY KEY,
    PROJECT_NAME VARCHAR(100) NOT NULL,
    START_DATE DATE NOT NULL,
    END_DATE DATE NOT NULL,
    BUDGET DECIMAL NOT NULL,
    
    UNIQUE(PROJECT_NAME)
);

CREATE TABLE EMPLOYEE_PROJECT
(
	EMPLOYEE_ID INT,
    PROJECT_ID INT
);


-- LET'S INSERT VALUES
INSERT INTO EMPLOYEES (EMPLOYEE_ID,FIRST_NAME,LAST_NAME,DATE_OF_BIRTH,DEPARTMENT_ID,SALARY)
VALUES

(1,"Mynul","Islam",'1999-04-12',2,23000),
(2,"Tarek","Khan",'1998-07-23',2,25000),
(3,"Shihab","Uddin",'1999-01-14',1,19000),
(4,"Abdush","Shakur",'1997-09-18',4,26000),
(5,"Sohag","Islam",'1998-02-24',3,24000),
(6,"Jahirul","Islam",'1999-05-17',2,20000),
(7,"Shishir","Hossain",'1998-06-23',1,27000),
(8,"Mahmudul","Hasan",'1999-11-19',3,26000)


;


INSERT INTO PROJECTS (PROJECT_ID,PROJECT_NAME,START_DATE,END_DATE,BUDGET)
VALUES
(1,'Sonartori One','2024-05-12','2024-06-12',450000),
(2,'Atlas Finder','2024-06-16','2024-08-15',950000),
(3,'Pegasus Max','2024-03-18','2024-07-18',1200000),
(4,'Web Security','2024-05-12','2024-06-12',700000)

;


INSERT INTO EMPLOYEE_PROJECTS (EMPLOYEE_ID,PROJECT_ID)
VALUES
(2,1),
(2,3),
(2,4),
(3,1),
(3,3),
(4,3)
;


SELECT *
FROM EMPLOYEES;

SELECT * 
FROM PROJECTS;

SELECT * 
FROM EMPLOYEE_PROJECTS;










